IP Address,Request Count
150.183.249.110,80
n219076184117.netvigator.com,23
207.243.167.114,23
60.30.224.116,20
195.129.24.210,15
218.188.2.4,14
h64-187-1-131.gtconnect.net,13
220.117.241.87,13
220-135-151-1.hinet-ip.hinet.net,10
061092085098.ctinets.com,10
adsl-70-242-75-179.dsl.ksc2mo.swbell.net,10
65.166.159.14,10
ip-216-69-169-168.ip.secureserver.net,10
209.152.168.249,10
massive.merukuru.org,10
62-192-102-94.dsl.easynet.nl,10
csnsu.nsuok.edu,10
zummit.com,10
p15105218.pureserver.info,10
211.214.161.141,10
82.77.200.128,10
211.137.205.253,10
68.143.156.89.nw.nuvox.net,10
c51471f2c.cable.wanadoo.nl,10
211-76-104-65.ebix.net.tw,10
202.181.236.180,10
211.9.58.217,10
218.22.3.51,9
61.53.154.93,9
biblioteka.wsi.edu.pl,8
202-132-40-29.adsl.ttn.net,8
210.76.59.29,7
217.60.212.66,6
d211-116-254-214.rev.krline.net,5
troi.bluesky-technologies.com,5
211.115.206.155,5
210.229.150.228,5
218.16.122.48,5
218.55.234.102,5
203.251.225.101,5
c9063558.virtua.com.br,4
212.0.132.20,4
61-220-159-99.hinet-ip.hinet.net,3
193.110.106.11,2
211.46.224.253,1
200.60.37.201,1
85.44.47.166,1

IP Address,Failed Login Attempts
218.188.2.4,14
n219076184117.netvigator.com,23
h64-187-1-131.gtconnect.net,13
60.30.224.116,20
195.129.24.210,15
220.117.241.87,13
150.183.249.110,80
207.243.167.114,23
